html,http://stackoverflow.com/feeds/tag?tagnames=html&sort=newest
css,http://stackoverflow.com/feeds/tag?tagnames=css&sort=newest
ruby,http://stackoverflow.com/feeds/tag?tagnames=ruby&sort=newest
reactjs,http://stackoverflow.com/feeds/tag?tagnames=reactjs&sort=newest
angularjs,http://stackoverflow.com/feeds/tag?tagnames=angularjs&sort=newest
linux,http://stackoverflow.com/feeds/tag?tagnames=linux&sort=newest
java,http://stackoverflow.com/feeds/tag?tagnames=java&sort=newest
golang,http://stackoverflow.com/feeds/tag?tagnames=go&sort=newest
database,http://stackoverflow.com/feeds/tag?tagnames=database&sort=newest
mysql,http://stackoverflow.com/feeds/tag?tagnames=mysql&sort=newest
nosql,http://stackoverflow.com/feeds/tag?tagnames=nosql&sort=newest
jobs,http://stackoverflow.com/feeds/tag?tagnames=jobs&sort=newest
website,http://stackoverflow.com/feeds/tag?tagnames=website&sort=newest
remote job,http://stackoverflow.com/feeds